{"cameraMode":{"drawMode":0,"name":"Shaded","section":"Shading Mode"},"sceneLighting":false,"audioPlay":false,"sceneViewState":{"showFog":true,"showMaterialUpdate":false,"showSkybox":false,"showFlares":true,"showImageEffects":true,"showParticleSystems":true},"in2DMode":false,"pivot":{"x":-319.79437255859377,"y":110.52870178222656,"z":-526.036376953125},"rotation":{"x":0.007527096662670374,"y":0.9848312735557556,"z":0.04648367688059807,"w":-0.16724631190299989},"size":991.3350830078125,"orthographic":false}