{"cameraMode":{"drawMode":0,"name":"Shaded","section":"Shading Mode"},"sceneLighting":true,"audioPlay":false,"sceneViewState":{"showFog":true,"showMaterialUpdate":false,"showSkybox":true,"showFlares":true,"showImageEffects":true,"showParticleSystems":true},"in2DMode":false,"pivot":{"x":-15.376407623291016,"y":-35.413265228271487,"z":18.596590042114259},"rotation":{"x":-0.3926451802253723,"y":-0.41357743740081789,"z":0.20408162474632264,"w":-0.7957066893577576},"size":141.79945373535157,"orthographic":false}