{"cameraMode":{"drawMode":0,"name":"Shaded","section":"Shading Mode"},"sceneLighting":false,"audioPlay":false,"sceneViewState":{"showFog":true,"showMaterialUpdate":false,"showSkybox":false,"showFlares":true,"showImageEffects":true,"showParticleSystems":true},"in2DMode":false,"pivot":{"x":254.3907470703125,"y":410.9501647949219,"z":-173.15899658203126},"rotation":{"x":-0.42864692211151125,"y":-0.5652533769607544,"z":0.4410494267940521,"w":-0.5498180985450745},"size":215.3548583984375,"orthographic":false}