{"cameraMode":{"drawMode":0,"name":"Shaded","section":"Shading Mode"},"sceneLighting":true,"audioPlay":false,"sceneViewState":{"showFog":true,"showMaterialUpdate":false,"showSkybox":false,"showFlares":true,"showImageEffects":true,"showParticleSystems":true},"in2DMode":false,"pivot":{"x":-37.64845275878906,"y":26.18008041381836,"z":-12.0254487991333},"rotation":{"x":0.4326794147491455,"y":0.5355039834976196,"z":-0.3720046281814575,"w":0.622694194316864},"size":8.541386604309082,"orthographic":false}